title,url,source,one_liner
Trump moves to ban Anthropic from the US government,https://arstechnica.com/tech-policy/2026/02/trump-moves-to-ban-anthropic-from-the-us-government/,Ars Technica AI,New developments around Trump — relevant if it touches your stack or procurement.
[Boost],https://dev.to/omar_corredorpacheco_e0c/-3clh,Dev.to AI,"If you've been putting off Boost, this walkthrough makes a solid starting point."
CoPaw,https://github.com/agentscope-ai/CoPaw,GitHub Trending (AI/ML),CoPaw is gaining stars — check the repo health before adopting.
Show HN: IssueScout – Find open source issues worth contributing to,https://github.com/turazashvili/issuescout.dev,Hacker News (AI),IssueScout going open-source lowers barriers for experimentation and custom deployment.
Letting Machines Decide What Matters,https://spectrum.ieee.org/ai-new-physics,IEEE Spectrum AI,Letting Machines Decide What Matters is making moves. Check whether your vendor assumptions still hold.
Google AI Introduces STATIC: A Sparse Matrix Framework Delivering 948x Faster Constrained Decoding for LLM Based Generative Retrieval,https://www.marktechpost.com/2026/03/01/google-ai-introduces-static-a-sparse-matrix-framework-delivering-948x-faster-constrained-decoding-for-llm-based-generative-retrieval/,MarkTechPost,STATIC update this week. Worth reading if you have exposure to this part of the market.
OpenAI and Amazon announce strategic partnership,https://openai.com/index/amazon-partnership,OpenAI Blog,New developments around OpenAI — relevant if it touches your stack or procurement.
OpenAI reveals more details about its agreement with the Pentagon,https://techcrunch.com/2026/03/01/openai-shares-more-details-about-its-agreement-with-the-pentagon/,TechCrunch AI,OpenAI is making moves. Check whether your vendor assumptions still hold.
A robot arm with puppy dog eyes is just one of Lenovo’s new desktop AI concepts,https://www.theverge.com/tech/885228/lenovo-ai-workmate-companion-work-concept-robot-arm-desktop-clock-hub,The Verge AI,Lenovo is making moves. Check whether your vendor assumptions still hold.
The Data Centers Have Arrived at the Edge of the Arctic Circle,https://www.wired.com/story/ai-supremacy-data-center-expansion-arctic-circle/,Wired AI,Data Centres Have Arrived is making moves. Check whether your vendor assumptions still hold.
FireRedTeam Releases FireRed-OCR-2B Utilizing GRPO to Solve Structural Hallucinations in Tables and LaTeX for Software Developers,https://www.marktechpost.com/2026/03/01/fireredteam-releases-firered-ocr-2b-utilizing-grpo-to-solve-structural-hallucinations-in-tables-and-latex-for-software-developers/,MarkTechPost,FireRed-OCR-2B Utilizing GRPO is making moves. Check whether your vendor assumptions still hold.
Firefox 149 beta develops a split personality,https://www.theregister.com/2026/03/02/firefox_149_beta/,The Register,"Firefox update. Not urgent, but worth knowing about."
Iran all but vanishes from the global internet amid US-Israel strikes,https://www.theregister.com/2026/03/02/iran_internet_blackout/,The Register,Brief Iran roundup — relevant if you work in this area.
Microsoft's Project Silica promises eternal storage. It can't get there from here,https://www.theregister.com/2026/03/02/microsoft_project_silica_opinion/,The Register,New Microsoft's Project Silica coverage this week — quick read with practical context.
"Flaw-Finding AI Assistants Face Criticism for Speed, Accuracy",https://www.darkreading.com/application-security/flaw-finding-ai-assistants-face-criticism-speed-accuracy,Dark Reading,New Flaw coverage this week — quick read with practical context.
Podcast: [Video Podcast] Frictionless DevEx with Nicole Forsgren,https://www.infoq.com/podcasts/frictionless-devex/?utm_campaign=infoq_content&utm_source=infoq&utm_medium=feed&utm_term=global,InfoQ,"In this episode, Thomas Betts talks with Dr."
